,main_category,usd_pledged_real
0,Art,3236.1241470155346
1,Comics,6654.394825076956
2,Crafts,1651.4090301350907
3,Dance,3477.9622028907906
4,Design,24548.163541370144
5,Fashion,5762.617479040299
6,Film & Video,6251.205719013579
7,Food,5140.704592177395
8,Games,21290.630928048806
9,Journalism,2641.6107428816113
10,Music,3927.2978101832973
11,Photography,3584.6691896955563
12,Publishing,3401.120606705278
13,Technology,21102.090686376323
14,Theater,4017.3034473223292
