main_category,usd_pledged_real
Art,3236.1241470155346
Comics,6654.394825076956
Crafts,1651.4090301350907
Dance,3477.9622028907906
Design,24548.163541370144
Fashion,5762.617479040299
Film & Video,6251.205719013579
Food,5140.704592177395
Games,21290.630928048806
Journalism,2641.6107428816113
Music,3927.2978101832973
Photography,3584.6691896955563
Publishing,3401.120606705278
Technology,21102.090686376323
Theater,4017.3034473223292
